https://daganu.wordpress.com/tag/videogames,/categories/videogames.html
https://daganu.wordpress.com/2010/12/18/anadir-librerias-nativas-en-netbeans/,https://daganu.wordpress.com/posts/2010/12/18/anadir-librerias-nativas-en-netbeans.html
https://daganu.wordpress.com/2012/06/29/protocols-in-objective-c-12/,https://daganu.wordpress.com/posts/2012/06/29/protocols-in-objective-c-12.html
https://daganu.wordpress.com/tag/reversing,/categories/reversing.html
https://daganu.wordpress.com/2011/04/19/actualizacion-del-tema-deibit-fondo-blanco-para-vim/,https://daganu.wordpress.com/posts/2011/04/19/actualizacion-del-tema-deibit-fondo-blanco-para-vim.html
https://daganu.wordpress.com/2011/09/08/como-funcionan-los-registros-de-vim/,https://daganu.wordpress.com/posts/2011/09/08/como-funcionan-los-registros-de-vim.html
https://daganu.wordpress.com/tag/protocols,/categories/protocols.html
https://daganu.wordpress.com/2010/11/16/vim-borrar-lineas-que-contengan-un-mismo-patron/,https://daganu.wordpress.com/posts/2010/11/16/vim-borrar-lineas-que-contengan-un-mismo-patron.html
https://daganu.wordpress.com/2011/04/05/iteradores-en-python/,https://daganu.wordpress.com/posts/2011/04/05/iteradores-en-python.html
https://daganu.wordpress.com/2011/11/15/folding-on-vim-basic-setup/,https://daganu.wordpress.com/posts/2011/11/15/folding-on-vim-basic-setup.html
https://daganu.wordpress.com/tag/linux,/categories/linux.html
https://daganu.wordpress.com/tag/ranges,/categories/ranges.html
https://daganu.wordpress.com/tag/molestias,/categories/molestias.html
https://daganu.wordpress.com/tag/acoso,/categories/acoso.html
https://daganu.wordpress.com/2010/11/11/vim-borrar-o-cambiar-un-bloque-de-codigo/,https://daganu.wordpress.com/posts/2010/11/11/vim-borrar-o-cambiar-un-bloque-de-codigo.html
https://daganu.wordpress.com/2010/12/01/anadiendo-librerias-externas-en-qt-creator/,https://daganu.wordpress.com/posts/2010/12/01/anadiendo-librerias-externas-en-qt-creator.html
https://daganu.wordpress.com/tag/trackpad,/categories/trackpad.html
https://daganu.wordpress.com/tag/uninstall,/categories/uninstall.html
https://daganu.wordpress.com/2010/09/29/vim-saltar-por-el-texto-ajustado/,https://daganu.wordpress.com/posts/2010/09/29/vim-saltar-por-el-texto-ajustado.html
https://daganu.wordpress.com/tag/shortcuts,/categories/shortcuts.html
https://daganu.wordpress.com/tag/audit,/categories/audit.html
https://daganu.wordpress.com/2010/10/10/vim-colorscheme-deibit/,https://daganu.wordpress.com/posts/2010/10/10/vim-colorscheme-deibit.html
https://daganu.wordpress.com/tag/notepad++,/categories/notepad%2B%2B.html
https://daganu.wordpress.com/tag/mitnick,/categories/mitnick.html
https://daganu.wordpress.com/2010/02/25/wxhexeditor/,https://daganu.wordpress.com/posts/2010/02/25/wxhexeditor.html
https://daganu.wordpress.com/tag/cocoa,/categories/cocoa.html
https://daganu.wordpress.com/tag/game,/categories/game.html
https://daganu.wordpress.com/2013/05/04/damo-security-challenge-ii-write-up/,https://daganu.wordpress.com/posts/2013/05/04/damo-security-challenge-ii-write-up.html
https://daganu.wordpress.com/tag/burp,/categories/burp.html
https://daganu.wordpress.com/tag/programming,/categories/programming.html
https://daganu.wordpress.com/2010/12/15/la-resolucion-minima-jamas-vista/,https://daganu.wordpress.com/posts/2010/12/15/la-resolucion-minima-jamas-vista.html
https://daganu.wordpress.com/tag/substitution,/categories/substitution.html
https://daganu.wordpress.com/2010/12/18/miniservidor-http-en-java/,https://daganu.wordpress.com/posts/2010/12/18/miniservidor-http-en-java.html
https://daganu.wordpress.com/tag/wargame,/categories/wargame.html
https://daganu.wordpress.com/2010/04/28/vim-filtrar-texto-varios-trucos/,https://daganu.wordpress.com/posts/2010/04/28/vim-filtrar-texto-varios-trucos.html
https://daganu.wordpress.com/tag/iphone,/categories/iphone.html
https://daganu.wordpress.com/tag/espanistan,/categories/espanistan.html
https://daganu.wordpress.com/2010/02/25/gnome-gloobus-preview/,https://daganu.wordpress.com/posts/2010/02/25/gnome-gloobus-preview.html
https://daganu.wordpress.com/tag/jailbreaking,/categories/jailbreaking.html
https://daganu.wordpress.com/2012/02/09/testing-for-sslv2/,https://daganu.wordpress.com/posts/2012/02/09/testing-for-sslv2.html
https://daganu.wordpress.com/tag/cmd,/categories/cmd.html
https://daganu.wordpress.com/2012/12/22/remove-duplicate-entries-in-open-with-menu-in-osx/,https://daganu.wordpress.com/posts/2012/12/22/remove-duplicate-entries-in-open-with-menu-in-osx.html
https://daganu.wordpress.com/tag/macports,/categories/macports.html
https://daganu.wordpress.com/tag/fold,/categories/fold.html
https://daganu.wordpress.com/2010/11/12/vim-scrolling/,https://daganu.wordpress.com/posts/2010/11/12/vim-scrolling.html
https://daganu.wordpress.com/tag/web-security,/categories/web-security.html
https://daganu.wordpress.com/tag/pod2g,/categories/pod2g.html
https://daganu.wordpress.com/2013/05/12/damo-security-challenge-vi-write-up/,https://daganu.wordpress.com/posts/2013/05/12/damo-security-challenge-vi-write-up.html
https://daganu.wordpress.com/2011/04/22/usando-macports/,https://daganu.wordpress.com/posts/2011/04/22/usando-macports.html
https://daganu.wordpress.com/tag/white,/categories/white.html
https://daganu.wordpress.com/2010/10/06/imprimiendo-en-vim/,https://daganu.wordpress.com/posts/2010/10/06/imprimiendo-en-vim.html
https://daganu.wordpress.com/tag/1600-error,/categories/1600-error.html
https://daganu.wordpress.com/tag/unicode,/categories/unicode.html
https://daganu.wordpress.com/tag/autocomplete,/categories/autocomplete.html
https://daganu.wordpress.com/tag/sqlmap,/categories/sqlmap.html
https://daganu.wordpress.com/2010/10/01/vim-codificacion-en-utf-8/,https://daganu.wordpress.com/posts/2010/10/01/vim-codificacion-en-utf-8.html
https://daganu.wordpress.com/2012/08/24/vim-substitute-command-with-unicode-characters/,https://daganu.wordpress.com/posts/2012/08/24/vim-substitute-command-with-unicode-characters.html
https://daganu.wordpress.com/tag/security,/categories/security.html
https://daganu.wordpress.com/tag/folding,/categories/folding.html
https://daganu.wordpress.com/2010/11/08/vim-diff-de-dos-buffers/,https://daganu.wordpress.com/posts/2010/11/08/vim-diff-de-dos-buffers.html
https://daganu.wordpress.com/tag/colorscheme,/categories/colorscheme.html
https://daganu.wordpress.com/2011/09/23/pointing-sqlmap-obfuscated-parameters-in-urls/,https://daganu.wordpress.com/posts/2011/09/23/pointing-sqlmap-obfuscated-parameters-in-urls.html
https://daganu.wordpress.com/tag/dragging,/categories/dragging.html
https://daganu.wordpress.com/tag/c++,/categories/c%2B%2B.html
https://daganu.wordpress.com/tag/crashing,/categories/crashing.html
https://daganu.wordpress.com/tag/tool,/categories/tool.html
https://daganu.wordpress.com/tag/1600,/categories/1600.html
https://daganu.wordpress.com/2010/10/18/vim-cambiar-la-codificacion-de-archivos/,https://daganu.wordpress.com/posts/2010/10/18/vim-cambiar-la-codificacion-de-archivos.html
https://daganu.wordpress.com/tag/macosx,/categories/macosx.html
https://daganu.wordpress.com/tag/atv2,/categories/atv2.html
https://daganu.wordpress.com/2010/02/22/editar-y-recargar-el-vimrc/,https://daganu.wordpress.com/posts/2010/02/22/editar-y-recargar-el-vimrc.html
https://daganu.wordpress.com/2013/02/17/calling-python-from-c/,https://daganu.wordpress.com/posts/2013/02/17/calling-python-from-c.html
https://daganu.wordpress.com/2011/04/09/decoradores-en-python/,https://daganu.wordpress.com/posts/2011/04/09/decoradores-en-python.html
https://daganu.wordpress.com/tag/proxy,/categories/proxy.html
https://daganu.wordpress.com/tag/dictadura,/categories/dictadura.html
https://daganu.wordpress.com/tag/github,/categories/github.html
https://daganu.wordpress.com/tag/xorg,/categories/xorg.html
https://daganu.wordpress.com/2010/06/01/gnome-deshacernos-del-panel-principal/,https://daganu.wordpress.com/posts/2010/06/01/gnome-deshacernos-del-panel-principal.html
https://daganu.wordpress.com/tag/c++0x,/categories/c%2B%2B0x.html
https://daganu.wordpress.com/2012/05/27/adding-ringtones-to-ios-5-1-jailbreak/,https://daganu.wordpress.com/posts/2012/05/27/adding-ringtones-to-ios-5-1-jailbreak.html
https://daganu.wordpress.com/tag/xss,/categories/xss.html
https://daganu.wordpress.com/tag/apple-tv2,/categories/apple-tv2.html
https://daganu.wordpress.com/tag/aac,/categories/aac.html
https://daganu.wordpress.com/tag/basic,/categories/basic.html
https://daganu.wordpress.com/2011/11/14/repeating-a-macro-in-a-given-range-vim/,https://daganu.wordpress.com/posts/2011/11/14/repeating-a-macro-in-a-given-range-vim.html
https://daganu.wordpress.com/2011/10/06/steve-jobs-1955-2011-r-i-p/,https://daganu.wordpress.com/posts/2011/10/06/steve-jobs-1955-2011-r-i-p.html
https://daganu.wordpress.com/2011/09/13/two-handy-functions-for-turning-on-off-an-ide-in-vim/,https://daganu.wordpress.com/posts/2011/09/13/two-handy-functions-for-turning-on-off-an-ide-in-vim.html
https://daganu.wordpress.com/2010/12/15/qsplitter-en-qt-creator/,https://daganu.wordpress.com/posts/2010/12/15/qsplitter-en-qt-creator.html
https://daganu.wordpress.com/2011/04/05/vim-algunos-accesos-rapidos/,https://daganu.wordpress.com/posts/2011/04/05/vim-algunos-accesos-rapidos.html
https://daganu.wordpress.com/tag/vim,/categories/vim.html
https://daganu.wordpress.com/tag/ssl,/categories/ssl.html
https://daganu.wordpress.com/tag/editor,/categories/editor.html
https://daganu.wordpress.com/tag/server,/categories/server.html
https://daganu.wordpress.com/2012/08/22/moving-selected-text-in-vim/,https://daganu.wordpress.com/posts/2012/08/22/moving-selected-text-in-vim.html
https://daganu.wordpress.com/tag/xbmc,/categories/xbmc.html
https://daganu.wordpress.com/tag/templates,/categories/templates.html
https://daganu.wordpress.com/tag/compiler,/categories/compiler.html
https://daganu.wordpress.com/2011/09/27/minetest-c55-running-on-a-ubuntu-x64-virtualized-in-a-mac-osx-lion/,https://daganu.wordpress.com/posts/2011/09/27/minetest-c55-running-on-a-ubuntu-x64-virtualized-in-a-mac-osx-lion.html
https://daganu.wordpress.com/tag/base64,/categories/base64.html
https://daganu.wordpress.com/tag/jailbreak,/categories/jailbreak.html
https://daganu.wordpress.com/2011/01/19/analizando-un-shellcode-i/,https://daganu.wordpress.com/posts/2011/01/19/analizando-un-shellcode-i.html
https://daganu.wordpress.com/tag/penetration-testing,/categories/penetration-testing.html
https://daganu.wordpress.com/tag/netbeans,/categories/netbeans.html
https://daganu.wordpress.com/tag/open-with,/categories/open-with.html
https://daganu.wordpress.com/tag/shellcode,/categories/shellcode.html
https://daganu.wordpress.com/2011/01/03/xss-en-buscon-rae-es/,https://daganu.wordpress.com/posts/2011/01/03/xss-en-buscon-rae-es.html
https://daganu.wordpress.com/2010/08/20/vim-en-windows/,https://daganu.wordpress.com/posts/2010/08/20/vim-en-windows.html
https://daganu.wordpress.com/2012/04/19/numero-anonimo-mejor-no-descuelgues-el-telefono/,https://daganu.wordpress.com/posts/2012/04/19/numero-anonimo-mejor-no-descuelgues-el-telefono.html
https://daganu.wordpress.com/2010/10/09/vim-convertir-archivos-de-dos-a-unix/,https://daganu.wordpress.com/posts/2010/10/09/vim-convertir-archivos-de-dos-a-unix.html
https://daganu.wordpress.com/tag/nva,/categories/nva.html
https://daganu.wordpress.com/2011/01/12/copiar-de-la-linea-de-comandos-al-portapapeles/,https://daganu.wordpress.com/posts/2011/01/12/copiar-de-la-linea-de-comandos-al-portapapeles.html
https://daganu.wordpress.com/tag/claro,/categories/claro.html
https://daganu.wordpress.com/tag/apple-tv-2,/categories/apple-tv-2.html
https://daganu.wordpress.com/2010/12/06/inicializacion-de-variables-en-plantillas/,https://daganu.wordpress.com/posts/2010/12/06/inicializacion-de-variables-en-plantillas.html
https://daganu.wordpress.com/tag/wep,/categories/wep.html
https://daganu.wordpress.com/2011/10/19/git-fatal-error-when-pushing-to-github/,https://daganu.wordpress.com/posts/2011/10/19/git-fatal-error-when-pushing-to-github.html
https://daganu.wordpress.com/tag/keyboard,/categories/keyboard.html
https://daganu.wordpress.com/tag/topic,/categories/topic.html
https://daganu.wordpress.com/tag/moving,/categories/moving.html
https://daganu.wordpress.com/?p=338,https://daganu.wordpress.com/posts/338.html
https://daganu.wordpress.com/?p=87,https://daganu.wordpress.com/posts/87.html
https://daganu.wordpress.com/tag/haskell,/categories/haskell.html
https://daganu.wordpress.com/tag/error,/categories/error.html
https://daganu.wordpress.com/2010/11/11/vim-pegar-el-contenido-de-un-registro-en-modo-insert/,https://daganu.wordpress.com/posts/2010/11/11/vim-pegar-el-contenido-de-un-registro-en-modo-insert.html
https://daganu.wordpress.com/tag/qt,/categories/qt.html
https://daganu.wordpress.com/2011/03/08/vim-formas-de-autocompletado/,https://daganu.wordpress.com/posts/2011/03/08/vim-formas-de-autocompletado.html
https://daganu.wordpress.com/2010/02/19/algunos-comandos-g-interesantes-de-vim/,https://daganu.wordpress.com/posts/2010/02/19/algunos-comandos-g-interesantes-de-vim.html
https://daganu.wordpress.com/2011/03/29/actualizar-la-haskell-platform-en-mac-os-x/,https://daganu.wordpress.com/posts/2011/03/29/actualizar-la-haskell-platform-en-mac-os-x.html
https://daganu.wordpress.com/tag/espana,/categories/espana.html
https://daganu.wordpress.com/tag/freak,/categories/freak.html
https://daganu.wordpress.com/tag/paste,/categories/paste.html
https://daganu.wordpress.com/2012/01/11/a-little-snippet-showing-some-c-11-features/,https://daganu.wordpress.com/posts/2012/01/11/a-little-snippet-showing-some-c-11-features.html
https://daganu.wordpress.com/2010/06/02/vim-corrector-ortografico/,https://daganu.wordpress.com/posts/2010/06/02/vim-corrector-ortografico.html
https://daganu.wordpress.com/tag/gdb,/categories/gdb.html
https://daganu.wordpress.com/2013/05/06/damo-security-challenge-iii-write-up/,https://daganu.wordpress.com/posts/2013/05/06/damo-security-challenge-iii-write-up.html
https://daganu.wordpress.com/tag/uuencoding,/categories/uuencoding.html
https://daganu.wordpress.com/tag/macro,/categories/macro.html
https://daganu.wordpress.com/2010/07/09/python-incoherencias-en-los-nombres/,https://daganu.wordpress.com/posts/2010/07/09/python-incoherencias-en-los-nombres.html
https://daganu.wordpress.com/tag/debugging,/categories/debugging.html
https://daganu.wordpress.com/2013/05/20/damo-security-challenge-viii-write-up/,https://daganu.wordpress.com/posts/2013/05/20/damo-security-challenge-viii-write-up.html
https://daganu.wordpress.com/2011/07/01/configurar-teclado-en-espanol-en-linux-desde-el-terminal/,https://daganu.wordpress.com/posts/2011/07/01/configurar-teclado-en-espanol-en-linux-desde-el-terminal.html
https://daganu.wordpress.com/tag/http,/categories/http.html
https://daganu.wordpress.com/?p=610,https://daganu.wordpress.com/posts/610.html
https://daganu.wordpress.com/2010/11/22/vim-commandline-window/,https://daganu.wordpress.com/posts/2010/11/22/vim-commandline-window.html
https://daganu.wordpress.com/2010/09/30/vim-el-plugin-taglist-en-mac-os-x/,https://daganu.wordpress.com/posts/2010/09/30/vim-el-plugin-taglist-en-mac-os-x.html
https://daganu.wordpress.com/tag/voip,/categories/voip.html
https://daganu.wordpress.com/2011/10/14/solution-to-xbmc-crashes-on-apple-tv2/,https://daganu.wordpress.com/posts/2011/10/14/solution-to-xbmc-crashes-on-apple-tv2.html
https://daganu.wordpress.com/tag/seas0npass,/categories/seas0npass.html
https://daganu.wordpress.com/tag/espanol,/categories/espanol.html
https://daganu.wordpress.com/tag/clipboard,/categories/clipboard.html
https://daganu.wordpress.com/2011/09/16/greetings-from-china-or-my-shockwave-plugins-came-from-there/,https://daganu.wordpress.com/posts/2011/09/16/greetings-from-china-or-my-shockwave-plugins-came-from-there.html
https://daganu.wordpress.com/tag/sql-injection,/categories/sql-injection.html
https://daganu.wordpress.com/2010/06/03/vim-imprimir-lista-de-mapeos/,https://daganu.wordpress.com/posts/2010/06/03/vim-imprimir-lista-de-mapeos.html
https://daganu.wordpress.com/tag/exploit,/categories/exploit.html
https://daganu.wordpress.com/tag/autocompletion,/categories/autocompletion.html
https://daganu.wordpress.com/tag/sublimetext,/categories/sublimetext.html
https://daganu.wordpress.com/tag/osx,/categories/osx.html
https://daganu.wordpress.com/tag/registers,/categories/registers.html
https://daganu.wordpress.com/tag/ctf,/categories/ctf.html
https://daganu.wordpress.com/tag/drag,/categories/drag.html
https://daganu.wordpress.com/2010/11/08/vim-referencia-rapida/,https://daganu.wordpress.com/posts/2010/11/08/vim-referencia-rapida.html
https://daganu.wordpress.com/tag/python,/categories/python.html
https://daganu.wordpress.com/tag/ssh,/categories/ssh.html
https://daganu.wordpress.com/tag/books,/categories/books.html
https://daganu.wordpress.com/2012/12/15/vim-extracting-text-via-match-and-replace/,https://daganu.wordpress.com/posts/2012/12/15/vim-extracting-text-via-match-and-replace.html
https://daganu.wordpress.com/2010/12/06/typename-para-evitar-ambiguedades/,https://daganu.wordpress.com/posts/2010/12/06/typename-para-evitar-ambiguedades.html
https://daganu.wordpress.com/tag/call,/categories/call.html
https://daganu.wordpress.com/tag/leyes,/categories/leyes.html
https://daganu.wordpress.com/2012/09/10/a-couple-of-new-books-for-the-next-weeks/,https://daganu.wordpress.com/posts/2012/09/10/a-couple-of-new-books-for-the-next-weeks.html
https://daganu.wordpress.com/2010/11/30/ya-se-puede-probar-la-version-demo-de-ida-pro-6/,https://daganu.wordpress.com/posts/2010/11/30/ya-se-puede-probar-la-version-demo-de-ida-pro-6.html
https://daganu.wordpress.com/tag/constraint,/categories/constraint.html
https://daganu.wordpress.com/2011/04/11/vim-github-y-pathogen/,https://daganu.wordpress.com/posts/2011/04/11/vim-github-y-pathogen.html
https://daganu.wordpress.com/2012/11/23/fixing-java-security-cert-certificateexception-in-burp-suite/,https://daganu.wordpress.com/posts/2012/11/23/fixing-java-security-cert-certificateexception-in-burp-suite.html
https://daganu.wordpress.com/tag/c,/categories/c.html
https://daganu.wordpress.com/2010/05/10/vim-exportar-a-html/,https://daganu.wordpress.com/posts/2010/05/10/vim-exportar-a-html.html
https://daganu.wordpress.com/2010/11/09/vim-filtrar-codigo-python-en-vim/,https://daganu.wordpress.com/posts/2010/11/09/vim-filtrar-codigo-python-en-vim.html
https://daganu.wordpress.com/tag/initializer,/categories/initializer.html
https://daganu.wordpress.com/2013/05/20/damo-security-challenge-vii-write-up/,https://daganu.wordpress.com/posts/2013/05/20/damo-security-challenge-vii-write-up.html
https://daganu.wordpress.com/tag/falta-de-etica,/categories/falta-de-etica.html
https://daganu.wordpress.com/tag/sslv2,/categories/sslv2.html
https://daganu.wordpress.com/tag/fix,/categories/fix.html
https://daganu.wordpress.com/tag/corrupt,/categories/corrupt.html
https://daganu.wordpress.com/2013/04/04/kevin-mitnicks-books/,https://daganu.wordpress.com/posts/2013/04/04/kevin-mitnicks-books.html
https://daganu.wordpress.com/tag/lion,/categories/lion.html
https://daganu.wordpress.com/tag/lines,/categories/lines.html
https://daganu.wordpress.com/2010/03/01/actualizacion-del-mind-map-de-vim/,https://daganu.wordpress.com/posts/2010/03/01/actualizacion-del-mind-map-de-vim.html
https://daganu.wordpress.com/2011/03/30/vim-ver-los-scripts-cargados/,https://daganu.wordpress.com/posts/2011/03/30/vim-ver-los-scripts-cargados.html
https://daganu.wordpress.com/tag/s,/categories/s.html
https://daganu.wordpress.com/2011/04/19/vim-configurar-de-una-vez-por-todas-omnicppcomplete/,https://daganu.wordpress.com/posts/2011/04/19/vim-configurar-de-una-vez-por-todas-omnicppcomplete.html
https://daganu.wordpress.com/2010/05/10/vim-movimiento-i/,https://daganu.wordpress.com/posts/2010/05/10/vim-movimiento-i.html
https://daganu.wordpress.com/2010/09/07/opciones-de-inicio-en-gdb/,https://daganu.wordpress.com/posts/2010/09/07/opciones-de-inicio-en-gdb.html
https://daganu.wordpress.com/tag/mapping,/categories/mapping.html
https://daganu.wordpress.com/2010/12/16/crear-librerias-dinamicas-en-mac-osx/,https://daganu.wordpress.com/posts/2010/12/16/crear-librerias-dinamicas-en-mac-osx.html
https://daganu.wordpress.com/2010/02/21/mas-plugins-para-vim/,https://daganu.wordpress.com/posts/2010/02/21/mas-plugins-para-vim.html
https://daganu.wordpress.com/tag/exploiting,/categories/exploiting.html
https://daganu.wordpress.com/tag/challenge,/categories/challenge.html
https://daganu.wordpress.com/2010/11/09/vim-abriendo-archivos/,https://daganu.wordpress.com/posts/2010/11/09/vim-abriendo-archivos.html
https://daganu.wordpress.com/2011/03/03/vim-copiar-y-pegar-rapido-desde-vim-a-otras-aplicaciones/,https://daganu.wordpress.com/posts/2011/03/03/vim-copiar-y-pegar-rapido-desde-vim-a-otras-aplicaciones.html
https://daganu.wordpress.com/2011/08/16/librate-del-1444-si-tienes-un-android/,https://daganu.wordpress.com/posts/2011/08/16/librate-del-1444-si-tienes-un-android.html
https://daganu.wordpress.com/tag/ap,/categories/ap.html
https://daganu.wordpress.com/tag/sfml,/categories/sfml.html
https://daganu.wordpress.com/tag/image,/categories/image.html
https://daganu.wordpress.com/tag/regexp,/categories/regexp.html
https://daganu.wordpress.com/tag/decompiler,/categories/decompiler.html
https://daganu.wordpress.com/2010/09/07/ejecutar-aplicaciones-desde-la-linea-de-comandos-en-mac-os-x/,https://daganu.wordpress.com/posts/2010/09/07/ejecutar-aplicaciones-desde-la-linea-de-comandos-en-mac-os-x.html
https://daganu.wordpress.com/2010/11/30/manifiesto-por-una-red-neutral/,https://daganu.wordpress.com/posts/2010/11/30/manifiesto-por-una-red-neutral.html
https://daganu.wordpress.com/2010/03/10/memoria-en-tiempo-real-de-un-c64-emulado/,https://daganu.wordpress.com/posts/2010/03/10/memoria-en-tiempo-real-de-un-c64-emulado.html
https://daganu.wordpress.com/tag/bash,/categories/bash.html
https://daganu.wordpress.com/tag/command-line,/categories/command-line.html
https://daganu.wordpress.com/tag/calling,/categories/calling.html
https://daganu.wordpress.com/2010/11/08/vim-entrar-automaticamente-en-el-directorio-del-archivo-que-se-esta-editando/,https://daganu.wordpress.com/posts/2010/11/08/vim-entrar-automaticamente-en-el-directorio-del-archivo-que-se-esta-editando.html
https://daganu.wordpress.com/2012/05/25/jailbreaking-apple-tv-2-with-seas0npass-and-overcoming-1600-error/,https://daganu.wordpress.com/posts/2012/05/25/jailbreaking-apple-tv-2-with-seas0npass-and-overcoming-1600-error.html
https://daganu.wordpress.com/tag/private,/categories/private.html
https://daganu.wordpress.com/2010/04/12/vim-deshabilitar-preview-en-omni-completion/,https://daganu.wordpress.com/posts/2010/04/12/vim-deshabilitar-preview-en-omni-completion.html
https://daganu.wordpress.com/tag/pentesting,/categories/pentesting.html
https://daganu.wordpress.com/tag/drop,/categories/drop.html
https://daganu.wordpress.com/tag/shellcoding,/categories/shellcoding.html
https://daganu.wordpress.com/tag/library,/categories/library.html
https://daganu.wordpress.com/2010/05/31/vim-invocar-la-ayuda-desde-el-editor/,https://daganu.wordpress.com/posts/2010/05/31/vim-invocar-la-ayuda-desde-el-editor.html
https://daganu.wordpress.com/2011/02/12/analizando-un-shellcode-ii/,https://daganu.wordpress.com/posts/2011/02/12/analizando-un-shellcode-ii.html
https://daganu.wordpress.com/tag/cookbook,/categories/cookbook.html
https://daganu.wordpress.com/tag/clang,/categories/clang.html
https://daganu.wordpress.com/tag/terminal,/categories/terminal.html
https://daganu.wordpress.com/2012/08/21/vim-pasting-through-ssh-putty/,https://daganu.wordpress.com/posts/2012/08/21/vim-pasting-through-ssh-putty.html
https://daganu.wordpress.com/tag/mac,/categories/mac.html
https://daganu.wordpress.com/tag/ssl2,/categories/ssl2.html
https://daganu.wordpress.com/tag/ide,/categories/ide.html
https://daganu.wordpress.com/2013/05/03/damo-security-challenge-i-write-up/,https://daganu.wordpress.com/posts/2013/05/03/damo-security-challenge-i-write-up.html
https://daganu.wordpress.com/2010/12/06/miembros-de-clase-con-plantillas/,https://daganu.wordpress.com/posts/2010/12/06/miembros-de-clase-con-plantillas.html
https://daganu.wordpress.com/2010/06/01/vim-cambiar-el-tamano-de-las-ventanas/,https://daganu.wordpress.com/posts/2010/06/01/vim-cambiar-el-tamano-de-las-ventanas.html
https://daganu.wordpress.com/tag/ida,/categories/ida.html
https://daganu.wordpress.com/tag/web,/categories/web.html
https://daganu.wordpress.com/tag/java,/categories/java.html
https://daganu.wordpress.com/2010/04/07/vim-statusline/,https://daganu.wordpress.com/posts/2010/04/07/vim-statusline.html
https://daganu.wordpress.com/tag/crash,/categories/crash.html
https://daganu.wordpress.com/tag/ringtones,/categories/ringtones.html
https://daganu.wordpress.com/tag/mac-osx,/categories/mac-osx.html
https://daganu.wordpress.com/?p=525,https://daganu.wordpress.com/posts/525.html
https://daganu.wordpress.com/tag/writeup,/categories/writeup.html
https://daganu.wordpress.com/tag/minetest,/categories/minetest.html
https://daganu.wordpress.com/2011/04/17/salida-a-color-en-git/,https://daganu.wordpress.com/posts/2011/04/17/salida-a-color-en-git.html
https://daganu.wordpress.com/tag/minecraft,/categories/minecraft.html
https://daganu.wordpress.com/2011/04/04/la-sentencia-with-de-python/,https://daganu.wordpress.com/posts/2011/04/04/la-sentencia-with-de-python.html
https://daganu.wordpress.com/2012/03/10/uninstall-all-installed-apps-in-macports/,https://daganu.wordpress.com/posts/2012/03/10/uninstall-all-installed-apps-in-macports.html
https://daganu.wordpress.com/tag/hosts,/categories/hosts.html
https://daganu.wordpress.com/tag/ubuntu,/categories/ubuntu.html
https://daganu.wordpress.com/2011/11/19/getting-back-dragndrop-window-on-mac-os-x-lion/,https://daganu.wordpress.com/posts/2011/11/19/getting-back-dragndrop-window-on-mac-os-x-lion.html
https://daganu.wordpress.com/2010/06/29/vim-comandos-no-tan-basicos/,https://daganu.wordpress.com/posts/2010/06/29/vim-comandos-no-tan-basicos.html
https://daganu.wordpress.com/2010/12/12/trucos-para-mac-osx/,https://daganu.wordpress.com/posts/2010/12/12/trucos-para-mac-osx.html
https://daganu.wordpress.com/sobre/,https://daganu.wordpress.com/stories/sobre.html
https://daganu.wordpress.com/tag/objective-c,/categories/objective-c.html
https://daganu.wordpress.com/tag/consola,/categories/consola.html
https://daganu.wordpress.com/2012/05/17/easy-wireless-access-point-in-windows-7-4/,https://daganu.wordpress.com/posts/2012/05/17/easy-wireless-access-point-in-windows-7-4.html
https://daganu.wordpress.com/tag/ios-5,/categories/ios-5.html
https://daganu.wordpress.com/tag/virtualization,/categories/virtualization.html
https://daganu.wordpress.com/2013/04/18/cansina-web-content-discover-tool/,https://daganu.wordpress.com/posts/2013/04/18/cansina-web-content-discover-tool.html
https://daganu.wordpress.com/tag/driver,/categories/driver.html
https://daganu.wordpress.com/tag/keys,/categories/keys.html
https://daganu.wordpress.com/2010/03/25/gephi-visualizacion-y-exploracion-de-grafos/,https://daganu.wordpress.com/posts/2010/03/25/gephi-visualizacion-y-exploracion-de-grafos.html
https://daganu.wordpress.com/tag/git,/categories/git.html
https://daganu.wordpress.com/tag/scp,/categories/scp.html
https://daganu.wordpress.com/tag/netsh,/categories/netsh.html
https://daganu.wordpress.com/tag/replacement,/categories/replacement.html
https://daganu.wordpress.com/2010/10/27/c-puntero-a-funcion-miembro-de-un-objeto/,https://daganu.wordpress.com/posts/2010/10/27/c-puntero-a-funcion-miembro-de-un-objeto.html
https://daganu.wordpress.com/2011/04/13/analizando-un-shellcode-iii/,https://daganu.wordpress.com/posts/2011/04/13/analizando-un-shellcode-iii.html
https://daganu.wordpress.com/tag/remove,/categories/remove.html
https://daganu.wordpress.com/tag/vulnerabilidad,/categories/vulnerabilidad.html
https://daganu.wordpress.com/tag/draft,/categories/draft.html
https://daganu.wordpress.com/2011/06/28/vim-copiando-a-traves-de-ssh/,https://daganu.wordpress.com/posts/2011/06/28/vim-copiando-a-traves-de-ssh.html
https://daganu.wordpress.com/2010/04/25/vim-como-ver-simbolos-ocultos/,https://daganu.wordpress.com/posts/2010/04/25/vim-como-ver-simbolos-ocultos.html
https://daganu.wordpress.com/tag/windows,/categories/windows.html
https://daganu.wordpress.com/tag/entries,/categories/entries.html
https://daganu.wordpress.com/2013/04/11/solving-ld-symbols-not-found-for-architecture-x86_64-in-osx/,https://daganu.wordpress.com/posts/2013/04/11/solving-ld-symbols-not-found-for-architecture-x86_64-in-osx.html
https://daganu.wordpress.com/tag/rights,/categories/rights.html
https://daganu.wordpress.com/2011/12/09/disabling-spotlight-in-mac-os-x-lion/,https://daganu.wordpress.com/posts/2011/12/09/disabling-spotlight-in-mac-os-x-lion.html
https://daganu.wordpress.com/tag/c++11,/categories/c%2B%2B11.html
https://daganu.wordpress.com/?p=51,https://daganu.wordpress.com/posts/51.html
https://daganu.wordpress.com/2010/02/19/mindmap-de-teclas-de-vim/,https://daganu.wordpress.com/posts/2010/02/19/mindmap-de-teclas-de-vim.html
https://daganu.wordpress.com/tag/virtualizacion,/categories/virtualizacion.html
https://daganu.wordpress.com/2012/08/29/vim-the-same-vimrc-on-multiple-computers/,https://daganu.wordpress.com/posts/2012/08/29/vim-the-same-vimrc-on-multiple-computers.html
https://daganu.wordpress.com/tag/pathogen,/categories/pathogen.html
https://daganu.wordpress.com/tag/wifi,/categories/wifi.html
https://daganu.wordpress.com/2011/09/13/from-now-on/,https://daganu.wordpress.com/posts/2011/09/13/from-now-on.html
https://daganu.wordpress.com/tag/vimrc,/categories/vimrc.html
https://daganu.wordpress.com/2011/01/16/algunos-atajos-interesantes-en-bash/,https://daganu.wordpress.com/posts/2011/01/16/algunos-atajos-interesantes-en-bash.html
https://daganu.wordpress.com/tag/1444,/categories/1444.html
https://daganu.wordpress.com/tag/seguridad,/categories/seguridad.html
https://daganu.wordpress.com/2010/03/10/code-bubbles-%c2%bfel-ide-del-futuro/,https://daganu.wordpress.com/posts/2010/03/10/code-bubbles-el-ide-del-futuro.html
https://daganu.wordpress.com/2011/01/15/autenticacion-por-llave-en-ssh/,https://daganu.wordpress.com/posts/2011/01/15/autenticacion-por-llave-en-ssh.html
https://daganu.wordpress.com/tag/putty,/categories/putty.html
https://daganu.wordpress.com/tag/port,/categories/port.html
https://daganu.wordpress.com/2010/02/20/plugins-para-vim/,https://daganu.wordpress.com/posts/2010/02/20/plugins-para-vim.html
https://daganu.wordpress.com/tag/telefono,/categories/telefono.html
https://daganu.wordpress.com/tag/iterators,/categories/iterators.html
https://daganu.wordpress.com/2012/06/30/designated-initializers-in-objective-c/,https://daganu.wordpress.com/posts/2012/06/30/designated-initializers-in-objective-c.html
https://daganu.wordpress.com/tag/window,/categories/window.html
https://daganu.wordpress.com/tag/duplicate,/categories/duplicate.html
https://daganu.wordpress.com/2010/02/19/cambiar-al-directorio-del-archivo-en-vim/,https://daganu.wordpress.com/posts/2010/02/19/cambiar-al-directorio-del-archivo-en-vim.html
https://daganu.wordpress.com/2010/11/03/vim-transparente/,https://daganu.wordpress.com/posts/2010/11/03/vim-transparente.html
https://daganu.wordpress.com/tag/firecore,/categories/firecore.html
https://daganu.wordpress.com/tag/gcc,/categories/gcc.html
https://daganu.wordpress.com/tag/analysis,/categories/analysis.html
